1,0
2,the
3,and
4,a
5,of
6,to
7,is
8,it
9,in
10,i
11,this
12,that
13,was
14,as
15,for
16,with
17,movie
18,but
19,film
20,on
21,not
22,you
23,he
24,are
25,his
26,have
27,be
28,one
29,!
30,all
31,at
32,by
33,an
34,who
35,they
36,from
37,so
38,like
39,there
40,her
41,or
42,just
43,about
44,if
45,has
46,out
47,what
48,?
49,some
50,good
51,more
52,when
53,she
54,very
55,even
56,my
57,no
58,up
59,time
60,would
61,which
62,only
63,story
64,really
65,their
66,see
67,had
68,can
69,were
70,me
71,we
72,than
73,well
74,much
75,been
76,get
77,people
78,will
79,bad
80,other
81,also
82,into
83,do
84,because
85,great
86,first
87,how
88,him
89,most
90,don't
91,its
92,made
93,then
94,them
95,way
96,make
97,could
98,too
99,any
100,after
101,movies
102,think
103,characters
104,character
105,watch
106,films
107,two
108,many
109,seen
110,being
111,acting
112,never
113,plot
114,little
115,where
116,love
117,best
118,life
119,did
120,show
121,know
122,does
123,ever
124,here
125,better
126,man
127,your
128,still
129,end
130,over
131,off
132,these
133,say
134,scene
135,why
136,while
137,scenes
138,such
139,go
140,something
141,should
142,through
143,back
144,i'm
145,those
146,watching
147,real
148,though
149,now
150,doesn't
151,thing
152,years
153,actors
154,director
155,another
156,didn't
157,before
158,nothing
159,new
160,funny
161,actually
162,work
163,makes
164,find
165,look
166,old
167,few
168,going
169,same
170,again
171,lot
172,part
173,every
174,cast
175,us
176,world
177,quite
178,want
179,things
180,pretty
181,young
182,seems
183,around
184,got
185,down
186,however
187,can't
188,fact
189,horror
190,take
191,enough
192,both
193,may
194,give
195,original
196,between
197,big
198,own
199,i've
200,thought
201,series
202,without
203,right
204,times
205,long
206,always
207,gets
208,action
209,comedy
210,isn't
211,family
212,come
213,point
214,role
215,saw
216,interesting
217,almost
218,least
219,whole
220,must
221,bit
222,music
223,script
224,done
225,guy
226,anything
227,minutes
228,last
229,since
230,might
231,performance
232,far
233,feel
234,probably
235,am
236,woman
237,kind
238,girl
239,away
240,yet
241,rather
242,worst
243,sure
244,fun
245,anyone
246,making
247,each
248,played
249,tv
250,found
251,having
252,day
253,although
254,especially
255,our
256,course
257,believe
258,comes
259,trying
260,goes
261,hard
262,looks
263,different
264,place
265,book
266,actor
267,put
268,maybe
269,money
270,someone
271,ending
272,reason
273,let
274,everything
275,wasn't
276,sense
277,once
278,shows
279,screen
280,dvd
281,TRUE
282,set
283,worth
284,job
285,main
286,looking
287,watched
288,everyone
289,together
290,three
291,plays
292,john
293,later
294,said
295,play
296,instead
297,audience
298,seem
299,beautiful
300,takes
301,effects
302,himself
303,version
304,during
305,left
306,night
307,house
308,seeing
309,wife
310,special
311,excellent
312,father
313,american
314,idea
315,else
316,nice
317,shot
318,simply
319,year
320,read
321,you're
322,black
323,high
324,less
325,war
326,star
327,completely
328,help
329,fan
330,poor
331,death
332,second
333,men
334,hollywood
335,either
336,mind
337,used
338,given
339,home
340,kids
341,try
342,performances
343,women
344,enjoy
345,classic
346,boring
347,short
348,wrong
349,need
350,rest
351,use
352,friends
353,until
354,along
355,dead
356,truly
357,half
358,production
359,line
360,tell
361,couple
362,remember
363,next
364,start
365,stupid
366,perhaps
367,came
368,recommend
369,moments
370,awful
371,wonderful
372,episode
373,mean
374,understand
375,terrible
376,full
377,camera
378,getting
379,stars
380,playing
381,video
382,keep
383,sex
384,doing
385,others
386,early
387,often
388,small
389,definitely
390,gives
391,person
392,school
393,face
394,perfect
395,name
396,itself
397,become
398,human
399,lines
400,yes
401,finally
402,dialogue
403,lost
404,felt
405,case
406,piece
407,top
408,liked
409,supposed
410,children
411,couldn't
412,title
413,absolutely
414,head
415,budget
416,mother
417,live
418,written
419,boy
420,picture
421,against
422,cinema
423,went
424,worse
425,certainly
426,entire
427,sort
428,style
429,waste
430,problem
431,mr
432,hope
433,entertaining
434,overall
435,friend
436,killer
437,evil
438,several
439,loved
440,fans
441,oh
442,beginning
443,white
444,lives
445,care
446,becomes
447,direction
448,example
449,already
450,based
451,drama
452,despite
453,seemed
454,dark
455,throughout
456,unfortunately
457,wanted
458,i'd
459,final
460,history
461,amazing
462,turn
463,fine
464,laugh
465,michael
466,son
467,humor
468,guess
469,totally
470,lead
471,sound
472,guys
473,writing
474,you'll
475,wants
476,low
477,works
478,tries
479,called
480,under
481,past
482,viewer
483,quality
484,child
485,days
486,behind
487,game
488,turns
489,they're
490,enjoyed
491,today
492,able
493,act
494,town
495,favorite
496,kill
497,flick
498,starts
499,gave
500,actress
501,sometimes
502,eyes
503,etc
504,side
505,horrible
506,girls
507,genre
508,soon
509,won't
510,car
511,brilliant
512,parts
513,art
514,heart
515,themselves
516,expect
517,kid
518,stuff
519,stories
520,thinking
521,city
522,obviously
523,directed
524,late
525,myself
526,blood
527,decent
528,feeling
529,run
530,s
531,highly
532,god
533,except
534,close
535,fight
536,hand
537,anyway
538,roles
539,daughter
540,killed
541,moment
542,says
543,heard
544,leave
545,matter
546,took
547,cannot
548,police
549,happens
550,brother
551,hour
552,violence
553,happened
554,strong
555,particularly
556,james
557,extremely
558,involved
559,chance
560,writer
561,obvious
562,experience
563,wouldn't
564,lack
565,including
566,told
567,alone
568,attempt
569,murder
570,living
571,happen
572,please
573,age
574,wonder
575,complete
576,ago
577,voice
578,group
579,score
580,david
581,coming
582,interest
583,save
584,none
585,ok
586,crap
587,type
588,looked
589,simple
590,slow
591,possible
592,number
593,seriously
594,hell
595,gore
596,exactly
597,shown
598,king
599,hero
600,annoying
601,song
602,husband
603,sad
604,whose
605,career
606,yourself
607,cinematography
608,taken
609,musical
610,ends
611,usually
612,serious
613,i'll
614,stop
615,hours
616,scary
617,released
618,across
619,hilarious
620,running
621,reality
622,relationship
623,usual
624,ridiculous
625,known
626,hit
627,opening
628,somewhat
629,started
630,opinion
631,jokes
632,novel
633,cool
634,change
635,robert
636,wish
637,ones
638,body
639,finds
640,order
641,saying
642,english
643,huge
644,cut
645,shots
646,episodes
647,mostly
648,taking
649,female
650,talking
651,strange
652,major
653,view
654,power
655,happy
656,documentary
657,apparently
658,rating
659,disappointed
660,level
661,talent
662,call
663,country
664,jack
665,due
666,events
667,room
668,important
669,songs
670,basically
671,clearly
672,knows
673,knew
674,supporting
675,attention
676,television
677,future
678,turned
679,paul
680,easily
681,problems
682,aren't
683,silly
684,british
685,word
686,tells
687,earth
688,words
689,local
690,single
691,light
692,four
693,cheap
694,sequence
695,bring
696,entertainment
697,thriller
698,beyond
699,george
700,miss
701,modern
702,whether
703,b
704,predictable
705,falls
706,five
707,sets
708,similar
709,review
710,richard
711,needs
712,upon
713,lady
714,enjoyable
715,appears
716,romantic
717,comic
718,giving
719,mystery
720,talk
721,rock
722,message
723,animation
724,within
725,theater
726,sequel
727,bunch
728,mention
729,herself
730,feels
731,nearly
732,points
733,theme
734,lee
735,above
736,dull
737,add
738,york
739,ways
740,moving
741,storyline
742,ten
743,surprised
744,haven't
745,lots
746,team
747,begins
748,middle
749,using
750,fantastic
751,actual
752,sister
753,effort
754,viewers
755,named
756,among
757,elements
758,easy
759,stay
760,tom
761,comments
762,avoid
763,showing
764,typical
765,release
766,clear
767,hate
768,tried
769,peter
770,sorry
771,french
772,dialog
773,editing
774,tale
775,certain
776,season
777,soundtrack
778,buy
779,fall
780,general
781,near
782,means
783,famous
784,check
785,parents
786,red
787,somehow
788,material
789,oscar
790,period
791,form
792,straight
793,weak
794,working
795,doubt
796,class
797,leads
798,filmed
799,gone
800,kept
801,greatest
802,figure
803,viewing
804,feature
805,disney
806,eye
807,realistic
808,brought
809,imagine
810,hear
811,atmosphere
812,fast
813,particular
814,suspense
815,lame
816,move
817,whatever
818,sequences
819,america
820,follow
821,indeed
822,die
823,crime
824,learn
825,eventually
826,reviews
827,wait
828,forget
829,deal
830,zombie
831,dance
832,space
833,okay
834,premise
835,surprise
836,believable
837,nature
838,possibly
839,you've
840,third
841,decided
842,subject
843,expected
844,de
845,japanese
846,dr
847,became
848,truth
849,imdb
850,sexual
851,average
852,stand
853,difficult
854,screenplay
855,romance
856,t
857,sit
858,poorly
859,rent
860,joe
861,nor
862,leaves
863,question
864,stage
865,note
866,begin
867,killing
868,needed
869,reading
870,unless
871,baby
872,superb
873,directors
874,society
875,otherwise
876,shame
877,meet
878,street
879,situation
880,meets
881,memorable
882,dog
883,credits
884,earlier
885,forced
886,weird
887,minute
888,older
889,laughs
890,realize
891,emotional
892,jane
893,beauty
894,writers
895,comment
896,footage
897,write
898,ask
899,badly
900,interested
901,dramatic
902,sounds
903,whom
904,hot
905,keeps
906,features
907,directing
908,mess
909,development
910,crazy
911,quickly
912,male
913,mark
914,towards
915,creepy
916,free
917,monster
918,perfectly
919,result
920,total
921,plus
922,previous
923,brings
924,unique
925,plenty
926,worked
927,cheesy
928,effect
929,personal
930,incredibly
931,hands
932,bill
933,fantasy
934,return
935,dream
936,apart
937,deep
938,setting
939,admit
940,open
941,appear
942,background
943,christmas
944,leading
945,doctor
946,casting
947,hardly
948,meant
949,ben
950,potential
951,boys
952,powerful
953,business
954,masterpiece
955,fails
956,battle
957,joke
958,create
959,various
960,forward
961,fire
962,inside
963,outside
964,portrayed
965,girlfriend
966,ideas
967,twist
968,william
969,missing
970,nudity
971,reasons
972,villain
973,dumb
974,political
975,deserves
976,match
977,secret
978,expecting
979,air
980,fairly
981,present
982,gay
983,fighting
984,unlike
985,married
986,manages
987,break
988,scott
989,success
990,attempts
991,western
992,spoilers
993,acted
994,remake
995,pay
996,box
997,recently
998,rich
999,front
1000,cute
1001,further
1002,cop
1003,sadly
1004,era
1005,copy
1006,agree
1007,talented
1008,telling
1009,sci-fi
1010,filmmakers
1011,following
1012,public
1013,crew
1014,incredible
1015,missed
1016,wasted
1017,pure
1018,plain
1019,brothers
1020,odd
1021,caught
1022,flat
1023,social
1024,mentioned
1025,pace
1026,ended
1027,decides
1028,considering
1029,waiting
1030,members
1031,mary
1032,large
1033,list
1034,sweet
1035,revenge
1036,popular
1037,uses
1038,hold
1039,slightly
1040,office
1041,compared
1042,neither
1043,wrote
1044,escape
1045,sees
1046,suddenly
1047,e
1048,party
1049,spirit
1050,tension
1051,convincing
1052,created
1053,fear
1054,spent
1055,rate
1056,cause
1057,entirely
1058,island
1059,cartoon
1060,intelligent
1061,credit
1062,clever
1063,we're
1064,choice
1065,water
1066,kills
1067,bored
1068,familiar
1069,moves
1070,tony
1071,laughing
1072,gun
1073,visual
1074,successful
1075,ultimately
1076,basic
1077,band
1078,trouble
1079,la
1080,cat
1081,zombies
1082,concept
1083,value
1084,biggest
1085,positive
1086,singing
1087,consider
1088,exciting
1089,dancing
1090,company
1091,died
1092,recent
1093,state
1094,language
1095,effective
1096,science
1097,cover
1098,spend
1099,portrayal
1100,violent
1101,cold
1102,appreciate
1103,produced
1104,speak
1105,pointless
1106,former
1107,studio
1108,amusing
1109,adult
1110,common
1111,filled
1112,planet
1113,younger
1114,books
1115,store
1116,walk
1117,follows
1118,focus
1119,solid
1120,bizarre
1121,italian
1122,impressive
1123,animated
1124,impossible
1125,german
1126,amount
1127,tone
1128,century
1129,adventure
1130,conclusion
1131,producers
1132,weren't
1133,showed
1134,recommended
1135,fit
1136,van
1137,depth
1138,runs
1139,situations
1140,chemistry
1141,prison
1142,project
1143,jim
1144,respect
1145,awesome
1146,control
1147,accent
1148,hair
1149,considered
1150,win
1151,won
1152,smith
1153,force
1154,decide
1155,college
1156,trip
1157,disturbing
1158,somewhere
1159,mad
1160,failed
1161,dad
1162,changed
1163,leaving
1164,questions
1165,longer
1166,steve
1167,audiences
1168,barely
1169,aside
1170,honest
1171,slasher
1172,sick
1173,ghost
1174,shooting
1175,trash
1176,images
1177,thanks
1178,charming
1179,starring
1180,generally
1181,pathetic
1182,literally
1183,west
1184,values
1185,culture
1186,likes
1187,fake
1188,surprisingly
1189,touch
1190,magic
1191,involving
1192,yeah
1193,alive
1194,immediately
1195,stewart
1196,harry
1197,south
1198,frank
1199,garbage
1200,natural
1201,utterly
1202,camp
1203,bought
1204,honestly
1205,adaptation
1206,sam
1207,london
1208,aspect
1209,pictures
1210,ability
1211,detective
1212,nobody
1213,glad
1214,explain
1215,fair
1216,computer
1217,appearance
1218,genius
1219,sitting
1220,cult
1221,attack
1222,master
1223,meaning
1224,personally
1225,stick
1226,normal
1227,u
1228,army
1229,appeal
1230,knowing
1231,tough
1232,remains
1233,humour
1234,military
1235,nowhere
1236,journey
1237,added
1238,charlie
1239,rare
1240,thinks
1241,thank
1242,dreams
1243,c
1244,purpose
1245,touching
1246,unbelievable
1247,comedies
1248,week
1249,catch
1250,taste
1251,terms
1252,chase
1253,beautifully
1254,channel
1255,walking
1256,sexy
1257,batman
1258,terrific
1259,twists
1260,silent
1261,fiction
1262,kelly
1263,wow
1264,standard
1265,equally
1266,naked
1267,mood
1268,subtle
1269,mistake
1270,managed
1271,complex
1272,laughable
1273,pick
1274,themes
1275,road
1276,chris
1277,lovely
1278,narrative
1279,wild
1280,disappointing
1281,likely
1282,brain
1283,costumes
1284,thus
1285,plan
1286,issues
1287,excuse
1288,club
1289,outstanding
1290,soldiers
1291,painful
1292,producer
1293,date
1294,justice
1295,surely
1296,constantly
1297,christopher
1298,government
1299,fully
1300,self
1301,edge
1302,law
1303,boss
1304,presented
1305,victim
1306,cinematic
1307,contains
1308,door
1309,places
1310,central
1311,details
1312,innocent
1313,presence
1314,climax
1315,everybody
1316,slowly
1317,marriage
1318,besides
1319,pass
1320,ride
1321,manner
1322,charles
1323,hoping
1324,animals
1325,historical
1326,charm
1327,stunning
1328,finish
1329,vampire
1330,d
1331,photography
1332,impression
1333,you'd
1334,henry
1335,loves
1336,gang
1337,spoiler
1338,thrown
1339,mysterious
1340,disappointment
1341,expectations
1342,bottom
1343,hey
1344,shoot
1345,allen
1346,exception
1347,paris
1348,woods
1349,minor
1350,makers
1351,soul
1352,festival
1353,critics
1354,aspects
1355,stands
1356,loud
1357,indian
1358,suppose
1359,scenery
1360,train
1361,bother
1362,cry
1363,church
1364,color
1365,feelings
1366,sent
1367,heavy
1368,support
1369,emotion
1370,bruce
1371,opportunity
1372,award
1373,hotel
1374,brief
1375,element
1376,filming
1377,mainly
1378,ahead
1379,fascinating
1380,forever
1381,blue
1382,rated
1383,acts
1384,pieces
1385,emotions
1386,available
1387,intended
1388,twice
1389,dies
1390,building
1391,names
1392,throw
1393,track
1394,compelling
1395,serial
1396,happening
1397,changes
1398,drawn
1399,hurt
1400,don
1401,puts
1402,green
1403,falling
1404,student
1405,smart
1406,jerry
1407,likable
1408,offer
1409,speaking
1410,tired
1411,suggest
1412,include
1413,bed
1414,pain
1415,difference
1416,victims
1417,confused
1418,adults
1419,lover
1420,followed
1421,impact
1422,f
1423,billy
1424,arthur
1425,approach
1426,giant
1427,motion
1428,hasn't
1429,appeared
1430,boyfriend
1431,page
1432,developed
1433,bar
1434,image
1435,park
1436,jones
1437,gorgeous
1438,actresses
1439,confusing
1440,trailer
1441,laughed
1442,notice
1443,system
1444,summer
1445,share
1446,lacks
1447,fresh
1448,numbers
1449,alien
1450,fellow
1451,event
1452,grade
1453,supposedly
1454,flaws
1455,martin
1456,murders
1457,moral
1458,zero
1459,content
1460,noir
1461,million
1462,al
1463,opera
1464,mom
1465,gem
1466,ii
1467,relationships
1468,tragedy
1469,answer
1470,mediocre
1471,helps
1472,funniest
1473,drive
1474,merely
1475,lighting
1476,proves
1477,wondering
1478,agent
1479,students
1480,born
1481,random
1482,mix
1483,ray
1484,j
1485,delivers
1486,finding
1487,hospital
1488,creative
1489,christian
1490,putting
1491,key
1492,standards
1493,race
1494,damn
1495,drug
1496,holes
1497,childhood
1498,shock
1499,imagination
1500,impressed
1501,absolute
1502,lived
1503,negative
1504,attractive
1505,land
1506,davis
1507,paid
1508,alan
1509,thoroughly
1510,extreme
1511,rape
1512,flicks
1513,provides
1514,ms
1515,becoming
1516,latter
1517,addition
1518,seemingly
1519,seconds
1520,folks
1521,reminded
1522,flying
1523,fell
1524,brian
1525,ugly
1526,detail
1527,offers
1528,thats
1529,porn
1530,tragic
1531,faces
1532,collection
1533,afraid
1534,intense
1535,lord
1536,affair
1537,six
1538,spot
1539,ship
1540,williams
1541,stuck
1542,lose
1543,seven
1544,industry
1545,forgotten
1546,hidden
1547,queen
1548,soldier
1549,count
1550,nasty
1551,beat
1552,stone
1553,apartment
1554,cliché
1555,adds
1556,jackson
1557,held
1558,castle
1559,rented
1560,shouldn't
1561,fashion
1562,design
1563,angry
1564,artistic
1565,uncle
1566,therefore
1567,turning
1568,americans
1569,ground
1570,filmmaker
1571,area
1572,pull
1573,information
1574,games
1575,states
1576,anymore
1577,bond
1578,location
1579,super
1580,listen
1581,shocking
1582,describe
1583,personality
1584,jason
1585,lets
1586,step
1587,danny
1588,favourite
1589,scientist
1590,deliver
1591,asks
1592,animal
1593,ready
1594,onto
1595,fox
1596,creature
1597,picked
1598,wooden
1599,inspired
1600,chinese
1601,stephen
1602,intelligence
1603,clothes
1604,news
1605,grace
1606,led
1607,dirty
1608,redeeming
1609,compare
1610,thin
1611,allowed
1612,criminal
1613,member
1614,carry
1615,helped
1616,artist
1617,tears
1618,wonderfully
1619,drugs
1620,struggle
1621,moved
1622,teenage
1623,captain
1624,necessary
1625,desperate
1626,includes
1627,trust
1628,deeply
1629,whatsoever
1630,wars
1631,willing
1632,treat
1633,began
1634,andy
1635,martial
1636,food
1637,direct
1638,g
1639,ed
1640,commentary
1641,quick
1642,nightmare
1643,plane
1644,theatre
1645,heaven
1646,disaster
1647,station
1648,wall
1649,professional
1650,humans
1651,accident
1652,douglas
1653,sleep
1654,phone
1655,cgi
1656,dying
1657,worthy
1658,sky
1659,introduced
1660,superior
1661,energy
1662,johnny
1663,rarely
1664,teacher
1665,sight
1666,warning
1667,comedic
1668,r
1669,independent
1670,anybody
1671,double
1672,eddie
1673,actions
1674,unusual
1675,roll
1676,realized
1677,epic
1678,remarkable
1679,apparent
1680,powers
1681,mouth
1682,allow
1683,mental
1684,wearing
1685,returns
1686,continue
1687,unnecessary
1688,tim
1689,physical
1690,witch
1691,keaton
1692,provide
1693,technical
1694,pleasure
1695,arts
1696,absurd
1697,normally
1698,suicide
1699,desire
1700,anywhere
1701,england
1702,engaging
1703,superman
1704,devil
1705,ford
1706,taylor
1707,fred
1708,limited
1709,skip
1710,surprising
1711,bloody
1712,jr
1713,adam
1714,scared
1715,heroes
1716,hitler
1717,memory
1718,process
1719,wedding
1720,brutal
1721,watchable
1722,suspect
1723,accept
1724,joan
1725,ring
1726,prince
1727,media
1728,machine
1729,russian
1730,intriguing
1731,legend
1732,jeff
1733,somebody
1734,search
1735,suit
1736,wanting
1737,finished
1738,reminds
1739,holds
1740,according
1741,build
1742,cops
1743,torture
1744,academy
1745,vision
1746,pacing
1747,hated
1748,nicely
1749,passion
1750,shakespeare
1751,asked
1752,religious
1753,exist
1754,cage
1755,dick
1756,extra
1757,grand
1758,joy
1759,bits
1760,pilot
1761,faith
1762,growing
1763,clichés
1764,nick
1765,ladies
1766,price
1767,constant
1768,tarzan
1769,blame
1770,smile
1771,originally
1772,explanation
1773,lies
1774,dangerous
1775,kevin
1776,instance
1777,sat
1778,community
1779,jesus
1780,japan
1781,moon
1782,freddy
1783,deserve
1784,river
1785,heroine
1786,met
1787,toward
1788,unknown
1789,capture
1790,gotten
1791,higher
1792,accurate
1793,players
1794,winning
1795,dressed
1796,quiet
1797,whilst
1798,explained
1799,friendship
1800,fail
1801,teen
1802,hadn't
1803,knowledge
1804,drunk
1805,player
1806,heads
1807,kate
1808,lovers
1809,field
1810,starting
1811,humanity
1812,mike
1813,guns
1814,record
1815,creating
1816,sucks
1817,officer
1818,memories
1819,vhs
1820,judge
1821,jump
1822,villains
1823,cars
1824,pop
1825,horse
1826,finest
1827,fights
1828,issue
1829,featuring
1830,radio
1831,responsible
1832,lacking
1833,morgan
1834,floor
1835,saved
1836,deserved
1837,jimmy
1838,kinda
1839,understanding
1840,lynch
1841,pulled
1842,jean
1843,keeping
1844,delightful
1845,european
1846,rubbish
1847,results
1848,low-budget
1849,treated
1850,hopes
1851,gene
1852,monsters
1853,manage
1854,loving
1855,washington
1856,gary
1857,terribly
1858,months
1859,bland
1860,eat
1861,santa
1862,fate
1863,simon
1864,partner
1865,included
1866,mixed
1867,screaming
1868,broken
1869,sign
1870,mine
1871,numerous
1872,singer
1873,hits
1874,cable
1875,witty
1876,spanish
1877,forces
1878,whenever
1879,empty
1880,author
1881,fat
1882,p
1883,conflict
1884,youth
1885,streets
1886,ball
1887,private
1888,loose
1889,loss
1890,concerned
1891,eric
1892,reviewers
1893,brown
1894,vs
1895,pretentious
1896,skills
1897,werewolf
1898,wind
1899,unfunny
1900,ann
1901,talents
1902,naturally
1903,ordinary
1904,noticed
1905,psychological
1906,discover
1907,opposite
1908,bob
1909,regular
1910,realism
1911,saving
1912,perspective
1913,albert
1914,prove
1915,finale
1916,bigger
1917,morning
1918,dated
1919,driving
1920,sean
1921,anthony
1922,mission
1923,gold
1924,soap
1925,cuts
1926,portray
1927,loses
1928,blonde
1929,locations
1930,length
1931,discovered
1932,bright
1933,we've
1934,grant
1935,aware
1936,film-making
1937,continues
1938,kong
1939,humorous
1940,below
1941,wood
1942,satire
1943,survive
1944,dealing
1945,international
1946,visit
1947,magnificent
1948,gags
1949,dan
1950,howard
1951,calls
1952,behavior
1953,breaks
1954,owner
1955,candy
1956,shallow
1957,debut
1958,nonsense
1959,murdered
1960,opens
1961,curious
1962,jennifer
1963,visually
1964,trek
1965,golden
1966,connection
1967,context
1968,captured
1969,essentially
1970,sing
1971,shop
1972,miles
1973,deals
1974,bank
1975,advice
1976,m
1977,frankly
1978,occasionally
1979,cameo
1980,revealed
1981,corny
1982,received
1983,blind
1984,harris
1985,they've
1986,traditional
1987,lesson
1988,genuine
1989,efforts
1990,learned
1991,segment
1992,window
1993,current
1994,gangster
1995,visuals
1996,versions
1997,scream
1998,mrs
1999,luke
2000,develop
2001,o
2002,identity
2003,rob
2004,allows
2005,existence
2006,national
2007,program
2008,sucked
2009,welles
2010,genuinely
2011,comparison
2012,luck
2013,decade
2014,references
2015,unexpected
2016,stock
2017,anna
2018,president
2019,formula
2020,remembered
2021,village
2022,proved
2023,meanwhile
2024,favor
2025,ages
2026,lake
2027,grew
2028,study
2029,brilliantly
2030,sea
2031,vampires
2032,sheer
2033,robin
2034,unable
2035,wise
2036,ice
2037,reach
2038,sake
2039,ultimate
2040,drew
2041,board
2042,steal
2043,sudden
2044,awards
2045,stereotypes
2046,strength
2047,logic
2048,awkward
2049,leader
2050,boat
2051,passed
2052,desert
2053,plots
2054,bet
2055,cross
2056,spectacular
2057,barbara
2058,failure
2059,sinatra
2060,parker
2061,h
2062,halloween
2063,buddy
2064,types
2065,killers
2066,reaction
2067,sheriff
2068,evening
2069,delivered
2070,crappy
2071,bear
2072,gonna
2073,steven
2074,creates
2075,technology
2076,fault
2077,utter
2078,rose
2079,edited
2080,discovers
2081,pair
2082,thomas
2083,laughter
2084,lucky
2085,dreadful
2086,insane
2087,reviewer
2088,flashbacks
2089,families
2090,majority
2091,relief
2092,w
2093,standing
2094,graphic
2095,emotionally
2096,painfully
2097,freedom
2098,ran
2099,woody
2100,caused
2101,parody
2102,gratuitous
2103,decision
2104,site
2105,entertained
2106,religion
2107,meeting
2108,travel
2109,anime
2110,individual
2111,protagonist
2112,attitude
2113,wayne
2114,underrated
2115,nevertheless
2116,speed
2117,victor
2118,foreign
2119,endless
2120,seasons
2121,relate
2122,costs
2123,foot
2124,feet
2125,practically
2126,gordon
2127,pleasant
2128,daniel
2129,test
2130,hill
2131,treatment
2132,france
2133,cinderella
2134,vehicle
2135,twenty
2136,combination
2137,marie
2138,described
2139,classics
2140,v
2141,alex
2142,hunter
2143,victoria
2144,native
2145,gory
2146,jackie
2147,ancient
2148,joseph
2149,irritating
2150,levels
2151,stopped
2152,eating
2153,l
2154,overly
2155,portrays
2156,tape
2157,assume
2158,rules
2159,commercial
2160,hearing
2161,executed
2162,product
2163,haunting
2164,broadway
2165,believes
2166,excited
2167,asking
2168,range
2169,model
2170,theaters
2171,proper
2172,wide
2173,portraying
2174,roy
2175,chosen
2176,wit
2177,chief
2178,sell
2179,uk
2180,angel
2181,rescue
2182,moore
2183,extras
2184,ruined
2185,contrived
2186,generation
2187,capable
2188,recall
2189,embarrassing
2190,largely
2191,matt
2192,unrealistic
2193,marry
2194,clean
2195,produce
2196,round
2197,depressing
2198,fill
2199,nancy
2200,center
2201,handsome
2202,winner
2203,choose
2204,anne
2205,germany
2206,rise
2207,cares
2208,facts
2209,exploitation
2210,matters
2211,suffering
2212,theatrical
2213,learns
2214,ryan
2215,priest
2216,post
2217,sequels
2218,kick
2219,involves
2220,clue
2221,patrick
2222,contrast
2223,sympathetic
2224,grow
2225,fame
2226,appealing
2227,research
2228,strongly
2229,louis
2230,built
2231,asian
2232,excitement
2233,cash
2234,evidence
2235,dry
2236,anderson
2237,disgusting
2238,teenager
2239,correct
2240,lewis
2241,appropriate
2242,claim
2243,chick
2244,vote
2245,pity
2246,heck
2247,talks
2248,losing
2249,destroy
2250,oliver
2251,walter
2252,thoughts
2253,canadian
2254,lousy
2255,circumstances
2256,costume
2257,promise
2258,tedious
2259,crowd
2260,voices
2261,safe
2262,saturday
2263,europe
2264,substance
2265,sports
2266,training
2267,bringing
2268,frame
2269,haunted
2270,bomb
2271,fool
2272,fly
2273,naive
2274,captures
2275,hanging
2276,football
2277,bodies
2278,teenagers
2279,till
2280,amateurish
2281,mask
2282,max
2283,tend
2284,convinced
2285,satisfying
2286,obsessed
2287,welcome
2288,psycho
2289,virtually
2290,hopefully
2291,horribly
2292,asleep
2293,walks
2294,hunt
2295,scare
2296,spoil
2297,cost
2298,powell
2299,danger
2300,relatively
2301,insult
2302,grown
2303,trilogy
2304,steals
2305,africa
2306,murphy
2307,fits
2308,universal
2309,creatures
2310,reporter
2311,unlikely
2312,baseball
2313,che
2314,robot
2315,tiny
2316,dubbed
2317,continuity
2318,seat
2319,influence
2320,market
2321,depicted
2322,flesh
2323,remain
2324,hall
2325,texas
2326,united
2327,kim
2328,initial
2329,fu
2330,unfortunate
2331,offensive
2332,category
2333,send
2334,russell
2335,fare
2336,north
2337,factor
2338,cowboy
2339,soft
2340,believed
2341,ass
2342,lawyer
2343,politics
2344,lower
2345,qualities
2346,provided
2347,target
2348,drag
2349,witness
2350,contemporary
2351,columbo
2352,touches
2353,presents
2354,refreshing
2355,hide
2356,rental
2357,holding
2358,promising
2359,professor
2360,viewed
2361,australian
2362,display
2363,source
2364,amateur
2365,nominated
2366,structure
2367,cartoons
2368,shocked
2369,hitchcock
2370,makeup
2371,forgettable
2372,claims
2373,movement
2374,weekend
2375,sisters
2376,caine
2377,plans
2378,edward
2379,deaths
2380,surreal
2381,closer
2382,clark
2383,handled
2384,ruin
2385,roger
2386,accents
2387,surprises
2388,angles
2389,repeated
2390,serves
2391,chose
2392,adventures
2393,eight
2394,speaks
2395,supernatural
2396,brave
2397,previously
2398,peace
2399,pacino
2400,warm
2401,hat
2402,over-the-top
2403,emma
2404,deadly
2405,granted
2406,degree
2407,latest
2408,suffers
2409,weeks
2410,whoever
2411,cant
2412,rain
2413,skin
2414,accidentally
2415,experiences
2416,highlight
2417,lesbian
2418,covered
2419,service
2420,enemy
2421,dollars
2422,mistakes
2423,pile
2424,routine
2425,paper
2426,treasure
2427,mgm
2428,harsh
2429,uninteresting
2430,alice
2431,realizes
2432,colors
2433,make-up
2434,combined
2435,sympathy
2436,speech
2437,twisted
2438,aliens
2439,friday
2440,veteran
2441,wilson
2442,propaganda
2443,universe
2444,convince
2445,atrocious
2446,dogs
2447,designed
2448,struggling
2449,ted
2450,draw
2451,path
2452,frightening
2453,would've
2454,mainstream
2455,section
2456,recognize
2457,invisible
2458,lugosi
2459,nude
2460,walked
2461,enter
2462,pitt
2463,print
2464,committed
2465,x
2466,aka
2467,focused
2468,guilty
2469,blah
2470,princess
2471,FALSE
2472,terror
2473,occasional
2474,security
2475,directly
2476,narration
2477,sarah
2478,technically
2479,com
2480,offered
2481,theory
2482,breaking
2483,magical
2484,massive
2485,suspenseful
2486,kinds
2487,variety
2488,experienced
2489,featured
2490,driver
2491,donald
2492,prior
2493,irish
2494,core
2495,subtitles
2496,reputation
2497,explains
2498,fairy
2499,birth
2500,sorts
2501,gritty
